{"cameraMode":{"drawMode":0,"name":"Shaded","section":"Shading Mode"},"sceneLighting":false,"audioPlay":false,"sceneViewState":{"m_AlwaysRefresh":false,"showFog":true,"showSkybox":false,"showFlares":true,"showImageEffects":true,"showParticleSystems":true,"showVisualEffectGraphs":true,"m_FxEnabled":true},"in2DMode":false,"pivot":{"x":0.08738122135400772,"y":0.6751806735992432,"z":-0.056326016783714297},"rotation":{"x":0.03244568407535553,"y":0.9672335386276245,"z":-0.1685534417629242,"w":0.1867864429950714},"size":0.76442950963974,"orthographic":false}