{"cameraMode":{"drawMode":0,"name":"Shaded","section":"Shading Mode"},"sceneLighting":false,"audioPlay":false,"sceneViewState":{"m_AlwaysRefresh":false,"showFog":true,"showSkybox":false,"showFlares":true,"showImageEffects":true,"showParticleSystems":true,"showVisualEffectGraphs":true,"m_FxEnabled":true},"in2DMode":false,"pivot":{"x":13.654806137084961,"y":-11.613119125366211,"z":31.277549743652345},"rotation":{"x":0.15624025464057923,"y":0.48487210273742678,"z":-0.0886174812912941,"w":0.8558877110481262},"size":0.6073950529098511,"orthographic":false}