{"cameraMode":{"drawMode":0,"name":"Shaded","section":"Shading Mode"},"sceneLighting":false,"audioPlay":false,"sceneViewState":{"m_AlwaysRefresh":false,"showFog":true,"showSkybox":false,"showFlares":true,"showImageEffects":true,"showParticleSystems":true,"showVisualEffectGraphs":true,"m_FxEnabled":true},"in2DMode":false,"pivot":{"x":-0.13437829911708833,"y":0.08171940594911576,"z":0.015286078676581383},"rotation":{"x":0.11553982645273209,"y":0.7042678594589233,"z":-0.11799728125333786,"w":0.690412163734436},"size":0.06753566861152649,"orthographic":false}