{"cameraMode":{"drawMode":0,"name":"Shaded","section":"Shading Mode"},"sceneLighting":false,"audioPlay":false,"sceneViewState":{"m_AlwaysRefresh":false,"showFog":true,"showSkybox":false,"showFlares":true,"showImageEffects":true,"showParticleSystems":true,"showVisualEffectGraphs":true,"m_FxEnabled":true},"in2DMode":false,"pivot":{"x":0.41021156311035159,"y":-0.03955855220556259,"z":-1.072337031364441},"rotation":{"x":-0.041344597935676578,"y":-0.7497270703315735,"z":0.04709251970052719,"w":-0.6586965918540955},"size":0.25452691316604617,"orthographic":false}