{"cameraMode":{"drawMode":0,"name":"Shaded","section":"Shading Mode"},"sceneLighting":false,"audioPlay":false,"sceneViewState":{"m_AlwaysRefresh":false,"showFog":true,"showSkybox":false,"showFlares":true,"showImageEffects":true,"showParticleSystems":true,"showVisualEffectGraphs":true,"m_FxEnabled":true},"in2DMode":false,"pivot":{"x":2.9802322387695315e-8,"y":-0.0008916854858398438,"z":-0.033112335950136188},"rotation":{"x":-0.16961868107318879,"y":-0.2334774285554886,"z":0.04143134877085686,"w":-0.9565277695655823},"size":0.27095073461532595,"orthographic":false}