{"cameraMode":{"drawMode":0,"name":"Shaded","section":"Shading Mode"},"sceneLighting":false,"audioPlay":false,"sceneViewState":{"m_AlwaysRefresh":false,"showFog":true,"showSkybox":false,"showFlares":true,"showImageEffects":true,"showParticleSystems":true,"showVisualEffectGraphs":true,"m_FxEnabled":true},"in2DMode":false,"pivot":{"x":0.3579885959625244,"y":1.186598777770996,"z":0.1583896428346634},"rotation":{"x":0.04924212023615837,"y":-0.9463538527488709,"z":0.1739722490310669,"w":0.26774337887763979},"size":0.050356894731521609,"orthographic":false}