{"cameraMode":{"drawMode":0,"name":"Shaded","section":"Shading Mode"},"sceneLighting":false,"audioPlay":false,"sceneViewState":{"m_AlwaysRefresh":false,"showFog":true,"showSkybox":false,"showFlares":true,"showImageEffects":true,"showParticleSystems":true,"showVisualEffectGraphs":true,"m_FxEnabled":true},"in2DMode":false,"pivot":{"x":0.028157472610473634,"y":-0.0000012367963790893555,"z":-1.4901161193847657e-8},"rotation":{"x":-0.2474597990512848,"y":0.647993803024292,"z":-0.2354590743780136,"w":-0.6807059645652771},"size":1.046307921409607,"orthographic":false}