{"cameraMode":{"drawMode":0,"name":"Shaded","section":"Shading Mode"},"sceneLighting":false,"audioPlay":false,"sceneViewState":{"m_AlwaysRefresh":false,"showFog":true,"showSkybox":false,"showFlares":true,"showImageEffects":true,"showParticleSystems":true,"showVisualEffectGraphs":true,"m_FxEnabled":true},"in2DMode":false,"pivot":{"x":0.06500135362148285,"y":-0.07115735113620758,"z":0.00011226534843444824},"rotation":{"x":-0.16961868107318879,"y":-0.2334774285554886,"z":0.04143134877085686,"w":-0.9565277695655823},"size":0.3453625440597534,"orthographic":false}