{"cameraMode":{"drawMode":0,"name":"Shaded","section":"Shading Mode"},"sceneLighting":false,"audioPlay":false,"sceneViewState":{"m_AlwaysRefresh":false,"showFog":true,"showSkybox":false,"showFlares":true,"showImageEffects":true,"showParticleSystems":true,"showVisualEffectGraphs":true,"m_FxEnabled":true},"in2DMode":false,"pivot":{"x":-0.7353990077972412,"y":-1.5123608112335206,"z":1.0364247560501099},"rotation":{"x":0.0667024478316307,"y":0.6614449620246887,"z":-0.05935059115290642,"w":0.7445691227912903},"size":0.4871114492416382,"orthographic":false}