{"cameraMode":{"drawMode":0,"name":"Shaded","section":"Shading Mode"},"sceneLighting":false,"audioPlay":false,"sceneViewState":{"m_AlwaysRefresh":false,"showFog":true,"showSkybox":false,"showFlares":true,"showImageEffects":true,"showParticleSystems":true,"showVisualEffectGraphs":true,"m_FxEnabled":true},"in2DMode":false,"pivot":{"x":-0.004170574247837067,"y":0.060387417674064639,"z":-0.026438482105731965},"rotation":{"x":0.4609648585319519,"y":-0.2945997416973114,"z":0.16540184617042542,"w":0.8205486536026001},"size":0.01612250693142414,"orthographic":false}