{"cameraMode":{"drawMode":0,"name":"Shaded","section":"Shading Mode"},"sceneLighting":false,"audioPlay":false,"sceneViewState":{"m_AlwaysRefresh":false,"showFog":true,"showSkybox":false,"showFlares":true,"showImageEffects":true,"showParticleSystems":true,"showVisualEffectGraphs":true,"m_FxEnabled":true},"in2DMode":false,"pivot":{"x":0.06488597393035889,"y":-0.024387314915657045,"z":0.0002498626708984375},"rotation":{"x":-0.16961868107318879,"y":-0.2334774285554886,"z":0.04143134877085686,"w":-0.9565277695655823},"size":0.3261421322822571,"orthographic":false}