{"cameraMode":{"drawMode":0,"name":"Shaded","section":"Shading Mode"},"sceneLighting":false,"audioPlay":false,"sceneViewState":{"m_AlwaysRefresh":false,"showFog":true,"showSkybox":false,"showFlares":true,"showImageEffects":true,"showParticleSystems":true,"showVisualEffectGraphs":true,"m_FxEnabled":true},"in2DMode":false,"pivot":{"x":-1.2199342250823975,"y":-1.4269415140151978,"z":0.36382994055747988},"rotation":{"x":0.11999201774597168,"y":0.7531195282936096,"z":-0.14342211186885835,"w":0.6306990385055542},"size":1.26628839969635,"orthographic":false}