{"cameraMode":{"drawMode":0,"name":"Shaded","section":"Shading Mode"},"sceneLighting":false,"audioPlay":false,"sceneViewState":{"m_AlwaysRefresh":false,"showFog":true,"showSkybox":false,"showFlares":true,"showImageEffects":true,"showParticleSystems":true,"showVisualEffectGraphs":true,"m_FxEnabled":true},"in2DMode":false,"pivot":{"x":-0.2896202802658081,"y":-0.36295706033706667,"z":1.4477627277374268},"rotation":{"x":-0.12144070863723755,"y":-0.03099077194929123,"z":0.0038701759185642006,"w":-0.9920414090156555},"size":1.1587321758270264,"orthographic":false}